24318793,二零零八傳媒行銷股份有限公司,臺北市信義區,宣傳支出,41084909
24473458,聯動行銷股份有限公司,臺北市信義區,宣傳支出.租用競選辦事處支出,18715017
86651451,雪芃設計顧問有限公司,臺北市中正區,宣傳支出,8418874
04368767,永光彩色印刷股份有限公司,新北市中和區,宣傳支出,7285635
29046912,東風文化製作股份有限公司,臺北市中正區,宣傳支出,6824275
15969457,聯錦紙品燙金有限公司,臺北市萬華區,宣傳支出,6040629
15047904,中影股份有限公司,臺北市八德路,雜支支出.租用競選辦事處支出,5793801
84455172,達一廣告股份有限公司,臺北市信義區,宣傳支出,5656500
28444770,星期三文化創意股份有限公司,臺北市中正區,宣傳支出,5406611
27528293,政德媒體有限公司,臺北市信義區,宣傳支出,5300000
80294772,無限延伸音樂事業有限公司,臺北市忠孝東,宣傳支出,4856250
23898479,威肯公共關係顧問(股)公司,臺北市青島東,宣傳支出,4312730
16620673,雷宮製作有限公司,臺北市大安區,宣傳支出,4305000
13009031,杰林廣告科技股份有限公司,新北市板橋區,宣傳支出,3863276
23167500,達彼思廣告股份有限公司,臺北市建國北,宣傳支出,3846300
84306321,我是大衛廣告股份有限公司,臺北市南京東,宣傳支出,3713500
57962553,哈斯麥創意設計室,高雄市前鎮區,宣傳支出,3549150
86758854,印通彩色印刷股份有限公司,新北市八里區,宣傳支出,2127195
53190726,轉角藝術工程有限公司,新北市新店區,宣傳支出,2000000
28686729,縉溢興業有限公司,新北市三重區,集會支出.雜支支出.宣傳支出,1976000
30973445,嘜德有限公司,臺北市信義區,宣傳支出,1903933
23590372,十月影視有限公司,臺北市士林區,宣傳支出,1879600
70451013,永笙汽車租賃有限公司,臺北市大同區,集會支出.交通旅運支出,1844640
15995103,心雅服裝行,臺北市萬華區,宣傳支出,1741651
27429842,精瑩企業有限公司,桃園縣平鎮市,雜支支出,1727250
24499648,聯樂數位行銷股份有限公司,臺北市信義路,宣傳支出,1609419
70766323,凱絡媒體服務股份有限公司,臺北市民生東,宣傳支出,1539038
22012304,滾石國際音樂股份有限公司,臺北市光復南,宣傳支出,1417500
80240832,巨網資訊有限公司,桃園縣大溪鎮,宣傳支出,1397731
69392614,來發汽車有限公司,高雄市前鎮區,集會支出,1356000
28112580,聖洋科技(股)公司,新竹市關新路,宣傳支出,1279000
03708205,中國廣播股份有限公司,臺北市松江路,宣傳支出,1224720
24425750,商品績股份有限公司,桃園縣中壢市,宣傳支出,1189209
69352731,一輝開發股份有限公司,新北市三重區,宣傳支出,1007000
53330424,瑞緹整合行銷有限公司,臺北市中山區,宣傳支出,945000
28919298,伊德廣告,嘉義市車店里,宣傳支出,861650
53317674,就是火媒體科技股份有限公司,臺北市松山區,宣傳支出,858507
70561588,雲頂工程有限公司,臺北市中山區,集會支出,800000
273557039,聯太國際公關顧問股份有限公司,臺北市信義路,宣傳支出,787500
12756446,新邏輯有限公司,臺北市中山區,宣傳支出,787500
53379306,暐巨有限公司,臺中市大庄里,集會支出.宣傳支出,739690
26138389,撼匠活動工作室,基隆市仁愛區,集會支出.宣傳支出,738375
84887538,護將廣告股份有限公司,臺南市東區長,宣傳支出.租用競選辦事處支出,695625
23768659,台灣滾石音樂經紀股份有限公司,臺北市光復南,宣傳支出,682500
19581111,統業廣告社,,集會支出.雜支支出.宣傳支出.租用競選辦事處支出,620003
77647029,義豐行,臺中市北屯區,集會支出.宣傳支出,619500
03753307,監察院,臺北市忠孝東,繳庫支出,603112
28285597,宏福生化科技有限公司,高雄市新興區,租用競選辦事處支出,600000
77799448,大裕汽車商行,新北市三重區,宣傳支出,577500
25904882,富珍商號,高雄市前鎮區,集會支出.宣傳支出,571420
89574388,振瑞筆業有限公司,桃園縣楊梅鎮,宣傳支出,540000
81691784,中華電信股份有限公司,臺北市金山南,雜支支出.宣傳支出,538863
27649022,花東宜遊覽車客運股份有限公司,花蓮市中山路,集會支出,530000
70412602,辰晟環境衛生服務股份有限公司,高雄市楠梓區,集會支出.宣傳支出,503700
14523367,傑利可廣告企業社,嘉義市日新街,宣傳支出,503062
16089901,鑫傳視訊廣告(股)公司,臺中市梧棲區,宣傳支出,500000
27500871,宸品建設有限公司,嘉義市東區垂,租用競選辦事處支出,500000
70498299,科技之星交通股份有限公司,新竹市經國路,集會支出,473000
53053477,三騏科技有限公司,桃園縣中壢市,宣傳支出,468300
90724553,屏東汽車客運股份有限公司,屏東縣屏東市,交通旅運支出,465500
03522101,新凱旅運股份有限公司,臺中市大里區,集會支出.交通旅運支出,462000
23939627,喬維企業有限公司,彰化縣彰化市,宣傳支出,460000
27357039,聯太國際公關顧問股份有限公司,臺北市信義路,宣傳支出,448730
16198062,耶呷呷食品有限公司,彰化縣田中鎮,宣傳支出,420002
86575784,興園股份有限公司,桃園縣桃園市,宣傳支出,420000
09459837,安麗廣告彩色印刷股份有限公司,新北市汐止區,宣傳支出,400000
06867514,世全興業行,,宣傳支出,398150
16106155,大聖國際觀光旅遊巴士有限公司,高雄市前鎮區,集會支出,382500
15863692,三品彩色印刷有限公司,新北市中和區,雜支支出.宣傳支出,381390
09458133,向善多媒體事業有限公司,臺北市大安區,宣傳支出,378000
16471884,華展遊覽有限公司,臺中市東區東,交通旅運支出,376000
25145691,和融實業有限公司等,新北市板橋區,宣傳支出,375000
84932484,大井廣告有限公司,臺北市敦化北,集會支出,373800
12851650,三有樂股份有限公司,新北市八里區,宣傳支出,373000
16867247,大棠實業有限公司,高雄市仁武區,宣傳支出,354750
16580481,敞盛國際實業有限公司,彰化縣彰化市,宣傳支出,350000
10629108,許錦文建築師事務所,新北市板橋區,租用競選辦事處支出,330000
97178489,中天電視股份有限公司,臺北市大理街,宣傳支出,330000
10643805,盈彩企業,,集會支出.宣傳支出,325460
70702150,華諾印刷事業有限公司,臺中縣潭子鄉,宣傳支出,322350
28087251,午陽資產管理股份有限公司,臺中市南屯區,宣傳支出,320000
28224038,達摩媒體股份有限公司,臺北市民權東,宣傳支出,315000
84400923,唐采印刷事業有限公司,臺中縣大里市,宣傳支出,310400
18145555,明峰廣告裝潢行,屏東縣屏東市,宣傳支出,309700
26145683,大加企業社,新竹縣竹北市,宣傳支出,307600
84280595,長興影視有限公司,臺北市中山區,宣傳支出,300000
03303422,英倫交通有限公司,臺北市復興南,集會支出,300000
22576696,東喬水電工程有限公司,嘉義縣鹿草鄉,租用競選辦事處支出,300000
14107411,中華郵政股份有限公司台北中崙郵局,臺北市中山區,雜支支出,279101
63127723,東亞印刷廠,雲林縣斗六市,宣傳支出,275000
19816031,真善美音響燈光企業行,臺東縣臺東市,集會支出.宣傳支出,270960
25008296,消遙購國際有限公司,新竹縣新豐鄉,宣傳支出,270350
99117875,喬豐傳播實業社,臺中市潭子區,集會支出,270165
75904438,南龍旅遊巴士股份有限公司,高雄市楠梓區,集會支出,270000
17151071,國軍生產及服務作業基金-三軍軍官具樂,臺北市延平南,集會支出,266780
15863892,三品彩印刷有限公司,新北市中和區,宣傳支出,250000
20274935,北海工程行-,新北市中和區,雜支支出,250000
52488853,中部廣告事業股份有限公司,臺中市北區健,宣傳支出,248751
84407566,十大特殊印刷有限公司,桃源縣楊梅鎮,宣傳支出,248430
34808242,大盛工作室,臺北市內湖區,宣傳支出,241500
02858465,牛小排,新竹市東區東,宣傳支出,237000
11011623,大南汽車股份有限公司,臺北市士林區,集會支出,237000
87839406,煜軒廣告設計社,南投縣草屯鎮,雜支支出.租用競選辦事處支出,235395
13231855,一友食品行,臺南市北區國,雜支支出,232000
03741302,中華郵政股份有限公司,臺北市大安區,雜支支出.宣傳支出,230950
12799135,活動家企業有限公司,新北市五股區,宣傳支出,220500
16454421,達欣通運有限公司,臺北市忠孝東,集會支出,218000
24339349,北大消防安全設備有限公司,臺北市文山區,租用競選辦事處支出,217403
08709983,新田麵食館,新竹市食品路,集會支出.宣傳支出,216230
16598519,大信唱片股份有限公司,臺北市信義區,集會支出,215250
95990621,筑悅禮品社,屏東縣屏東市,宣傳支出,215000
04896789,宏益印刷品行,臺北市文山區,宣傳支出,214000
10553938,新埔田媽媽美食坊,新竹縣新埔鎮,集會支出,212500
16017174,亞裕遊覽車客運有限公司,臺中市大里區,集會支出,210000
81140620,豪賓通運股份有限公司,臺中市龍井區,交通旅運支出,207600
16758867,萬峰通運有限公司,臺中市霧峰區,集會支出.交通旅運支出,206000
61933222,台興印刷行,南投縣南投市,宣傳支出,202000
16945855,橋慶紡織有限公司,臺中縣南屯區,宣傳支出,201600
23170478,豪記影視唱片股份有限公司,臺南市健康路,集會支出,200000
48011907,太田飲食店,新竹縣北埔鄉,集會支出,200000
89463405,新愷實業有限公司,臺北市莒光路,宣傳支出,194000
69267600,嘉和遊覽汽車,臺南市東豐路,集會支出,192000
89938466,伯元通運股份有限公司,臺北市長春路,集會支出,192000
27998837,火紅團隊活動行銷有限公司,臺北市大同區,宣傳支出,191100
28804628,西喬系統科技股份有限公司,新北市汐止區,雜支支出,188370
21529801,明裕工程行,桃園縣廣福路,宣傳支出,187530
21672263,威群企業社,臺南市安南區,租用競選辦事處支出,185000
16014445,龍庭企業有限公司,新竹縣新豐鄉,宣傳支出,180000
13162528,上富遊覽有限公司,臺南市海安路,集會支出,172000
12878258,聿民實業有限公司,臺北市大安區,集會支出,162000
53352340,聯橫創意整合行銷有限公司,臺北市信義區,宣傳支出,161395
53638161,福茹實業有限公司,嘉義縣民雄鄉,租用競選辦事處支出,160000
08845559,大璽藝術工作室,南投縣南投市,集會支出,157500
79999560,叁拾柒度製作有限公司,臺北市民生東,宣傳支出,157500
89363383,協弘遊覽汽車有限公司,臺中市龍井區,交通旅運支出,157200
99414170,好口碑企業社,新北市板橋區,集會支出,150000
97231082,松旺空調有限公司,彰化縣彰化市,租用競選辦事處支出,147000
18739212,欣欣客運股份有限公司,臺北市汀洲路,集會支出.交通旅運支出,143400
52293864,協一遊覽汽車股份有限公司,臺中市中區綠,集會支出.交通旅運支出,142000
25077808,璐藝光景設計有限公司,新北市中和市,租用競選辦事處支出,140000
43750349,好友交通有限公司,桃園縣桃園市,集會支出,136000
70473044,嘉和國際企業會議視聽有限公司,臺北市信義區,宣傳支出,134715
08846972,晨風廣告工作室,臺中市北屯區,宣傳支出,134400
24305565,米斯特六股份有限公司,臺北市松山區,宣傳支出,134400
15668847,東陽服裝社,臺北市萬華區,宣傳支出,132300
10888792,當酷兒企業社,屏東縣竹田鄉,集會支出,132200
16719507,翔順遊覽通運有限公司,苗栗縣苑裡鎮,交通旅運支出,132000
16446274,台灣高速鐵路股份有限公司,,宣傳支出.交通旅運支出,130145
79844166,興榮企業行,高雄市前金區,宣傳支出,130000
76011409,高雄市公共汽車管理處,高雄市苓雅區,集會支出,126900
20791678,宏亞汽車貨運有限公司,臺北市士林區,租用競選辦事處支出,126475
28484168,鼎楊國際資訊股份有限公司,新北市永和區,宣傳支出,126000
27855423,安康通運有限公司,臺北市文山區,集會支出,126000
84285276,成彥企業有限公司,臺北市建民路,宣傳支出,120000
12697067,禾昊室內設計有限公司,新北市新店區,雜支支出,120000
18556774,中國電視事業股份有限公司,臺北市南港區,宣傳支出,120000
03798509,中國時報,臺中市大雅路,宣傳支出,118125
30854460,中友交通企業股份有限公司,臺北市南京東,集會支出,115500
93949275,中華電信股份有限公司,嘉義縣朴子市,雜支支出,114502
31250880,平安歸通運股份有限公司,臺中市豐原區,交通旅運支出,114000
36630586,和運租車股份有限公司,K高雄縣鳳山,租用競選辦事處支出.交通旅運支出,114000
16925725,星瀚傳播有限公司,南投縣南投市,集會支出,112350
27341092,彩翼有限公司,臺北市中正區,雜支支出.租用競選辦事處支出,110980
30837934,敘香園餐廳股份有限公司,臺北市仁愛路,雜支支出,110000
83743730,慶威通運股份有限公司,高雄市苓雅區,交通旅運支出,109200
02153451,根源鎖匙圈工藝社,新北市五股區,宣傳支出,108500
25258505,瑞盛商行,南投縣草屯鎮,宣傳支出,108000
46685217,藝林創意行銷,新竹縣竹北市,宣傳支出,108000
86846317,可登音樂經紀有限公司,臺北市復興北,宣傳支出,105000
86781834,正點錄影傳播有限公司,新北市板橋區,集會支出,105000
12348012,強固保全股份有限公司,臺北市延平北,雜支支出,105000
48410995,三九餃子館,新竹縣湖口鄉,集會支出,104750
13121457,廣聚科技股份有限公司,新北市五股區,雜支支出,104124
28144680,鴻淀食品業有限公司,高雄市大寮區,集會支出,104000
18117875,正忠排骨飯小吃部,高雄市三民區,集會支出,102000
55678820,嘉鋐通運有限公司,臺中市后里區,交通旅運支出,102000
70771579,亞太電信股份有限公司,臺北市南港區,宣傳支出,101634
28199312,成德零售市場管理股份有限公司,臺北市同德路,雜支支出,100000
12993216,易得貿易有限公司,新竹縣湖口鄉,雜支支出,100000
80733049,豐聯食品有限公司,臺中市清水區,集會支出,100000
80859736,永和曾家莊手工饅頭,高雄市左營區,集會支出,100000
26144734,寶禮企業商行,新竹縣竹北市,集會支出,100000
28721401,東明廣告有限公司,臺北縣永和市,宣傳支出,98438
06320260,明聲企業社,嘉義縣大埔鄉,集會支出,97000
09555851,鵬程廣告社,臺南市東區大,宣傳支出,96000
35440308,新竹物流股份有限公司,新北市三重區,雜支支出,95553
83819288,欣中工程行,,租用競選辦事處支出,95500
19397282,海德堡企業社,嘉義市永安街,集會支出,95000
27709409,麥基洗德視覺設計有限公司,高雄市三民區,宣傳支出,94920
13768552,尚興企業社,桃園縣蘆竹鄉,集會支出,93600
22721208,鬍鬚張股份有限公司,,集會支出.雜支支出.交通旅運支出,93520
00398705,新環遊交通股份有限公司,基隆市中正區,集會支出,91500
97244087,晏新文化事業有限公司,臺北市萬華區,雜支支出,91000
14377701,一元金商店,桃園市同安里,集會支出,91000
48406964,溢金園飲食店,新竹縣關西鎮,集會支出,90000
67888890,大誠電機行,嘉義市大聖路,集會支出,90000
14752972,嘉宏鐵架帆布行,嘉義縣民雄鄉,集會支出,90000
16475761,順富遊覽有限公司,臺中市西屯區,交通旅運支出,90000
25758522,晶采企業社,嘉義市民族路,集會支出,90000
52276393,又興環保工程有限公司,臺中市北屯區,集會支出,90000
18201916,久發鐵架帆布行,彰化縣田中鎮,集會支出,89300
10532815,巨龍企業商行,新竹縣湖口鄉,集會支出,87200
46479700,元泰通運股份有限公司,臺北市大安區,集會支出,87000
26438196,永吉起重工程行,臺南市鹽水區,雜支支出,87000
03761101,台北市建築師公會,臺北市基隆路,租用競選辦事處支出,85103
84880296,新和通運(股)公司,新竹縣竹東鎮,交通旅運支出,85000
53099396,雅虎數位行銷有限公司,臺北市南港區,宣傳支出,84000
28427667,英屬維京群島商捷安達多媒體股份有限公,臺北松山區八,宣傳支出,84000
24469454,熱血設計有限公司,臺北市大安區,宣傳支出,84000
59667206,員林汽車客運股份有限公司,彰化縣員林鎮,集會支出,83600
24451692,世慶食品有限公司,臺北市內湖區,雜支支出.宣傳支出,83500
28404236,全球遊覽車客運有限公司,彰化縣員林鎮,交通旅運支出,83500
20156629,一家食品行,臺南市東區龍,雜支支出,83200
97025978,綠界科技股份有限公司,新北市三重區,雜支支出,82525
25769210,澎城企業行,澎湖縣馬公市,租用競選辦事處支出,82000
80394250,佳皇汽車遊覽有限公司,臺南縣佳里鎮,集會支出,82000
27441727,東利遊覽車客運有限公司,臺中市西區昇,集會支出,81900
52003801,中華電信股份有限公司台中營運處,臺中市豐原區,雜支支出.宣傳支出,81578
70439145,尚穎音響工程有限公司,新北市五股區,宣傳支出,80000
17356503,飛寶資訊企業行,高雄市三民區,宣傳支出,80000
05075182,博飛實業股份有限公司,臺北市信義區,集會支出,80000
22809908,全盈小客車租賃有限公司,高雄市仁武區,交通旅運支出,80000
97162178,新竹振道有線電視股份有限公司,新竹市東區中,宣傳支出,80000
62954815,全影錄影工作室,嘉義市新榮路,集會支出,80000
28718145,非常思想整合行銷有限公司,臺北市松山區,宣傳支出,80000
16783916,立欣通運有限公司,桃園縣大園鄉,交通旅運支出,80000
83163893,新茂誠商號,高雄市左營區,集會支出,79825
10520233,大林小吃店,新竹縣新埔鎮,集會支出,78400
98077615,正光電腦打字印刷,宜蘭市農權路,宣傳支出,77840
69004804,興南汽車客運,新樂路號****,集會支出,77000
99005323,城伯外燴,新竹縣新埔鎮,集會支出,77000
73853976,益友廣告贈品商行,臺南市東區崇,雜支支出,76320
89960430,以霖通運有限公司,臺北市東湖路,集會支出,76000
47235788,鵝家莊,新竹縣湖口鄉,集會支出,75250
28180051,彩蝶宴有限公司,臺北市忠孝東,宣傳支出,75000
77027040,昇和廣告社,宜蘭市民族路,宣傳支出,75000
97490566,中友旅行社,臺中市西區公,集會支出,74375
58650608,台灣電力公司,彰化縣彰化市,雜支支出,73344
72124326,佳興通運有限公司,臺中市豐原區,交通旅運支出,72000
62119008,南投汽車客運股份有限公司,南投縣埔里鎮,集會支出,72000
93083027,鼎東汽車客運股份有限公司,臺東市中華路,集會支出,72000
55779003,豐勢通運有限公司,臺中市西屯區,交通旅運支出,72000
29438776,永上昇工程行,高雄市大社區,租用競選辦事處支出,70000
18283873,鴻偉企業社,嘉義市大聖路,集會支出,70000
16661266,統成遊覽車客運(股)公司,新竹縣湖口鄉,交通旅運支出,67200
68208626,慶華交通股份有限公司,,集會支出,65875
36531571,春風通運股份有限公司,臺北市忠孝東,集會支出,65000
70450669,匯智資訊股份有限公司,臺北市松山區,宣傳支出,64800
29360799,洪志昌水果青菜行,,集會支出,63458
96977034,香港商百代音樂股份有限公司,臺北市松山區,宣傳支出,63000
14906218,宏逸行,,集會支出,62900
97095333,永春零售市場股份有限公司,臺北市松山路,宣傳支出,61000
56665582,豐元餐食號,,集會支出,60000
13158138,光達通運有限公司,基隆市七堵區,交通旅運支出,60000
85248708,高雄汽車客運股份有限公司,高雄市鳳山區,交通旅運支出,60000
71612500,新營汽車股份有限公司,,集會支出,60000
20396901,誠品聯合會計師事務所,臺北市松山區,雜支支出,60000
34788702,九瑩餐廳,宜蘭縣礁溪鄉,集會支出,60000
18356024,盈璋設計工作坊,臺中市西區公,集會支出.宣傳支出,59940
26537338,零極限創新室,新北市中和區,宣傳支出,59850
92041470,高大照相館,高雄市苓雅區,集會支出,59780
23518409,傑彩印刷事業股份有限公司,臺中市西屯區,宣傳支出,58000
06102601,俊吉號,南投縣草屯鎮,集會支出,58000
27729101,八方安全防衛科技有限公司,臺北市內湖區,租用競選辦事處支出,56931
80922232,威通環保有限公司,臺北市萬華區,集會支出,56000
34824279,固勝池上飯包,桃園縣桃園市,集會支出,56000
27327351,好樂適有限公司,臺北市光復南,宣傳支出,55860
19823841,益生工業社,F臺中縣霧峰,租用競選辦事處支出,55125
28400203,有仁通運股份有限公司,臺中市中區綠,交通旅運支出,55000
21639764,德興藝文企業社,,集會支出.雜支支出,55000
30372077,和升美食屋,新竹市東區三,集會支出,53300
67744070,啟林土木包工業,彰化縣員林鎮,租用競選辦事處支出,53025
70612637,太河專業音響有限公司,高雄市三民區,集會支出,52500
84138042,常夏音樂經紀有限公司,臺北市長安東,宣傳支出,52500
24506893,土紅豆有限公司,高雄市前金區,宣傳支出,52500
36545147,樂舞戲劇舞蹈服裝有限公司,臺北市萬華區,宣傳支出,52500
84707992,佳樂遊覽車客運有限公司,臺中市豐原區,交通旅運支出,52500
24388729,囍宴軒股份有限公司縣府分公司,新北市板橋區,集會支出,52480
31094798,鼎誠小客車租賃有限公司,,集會支出,52150
47105672,親親交通(股)公司,新竹縣竹北市,交通旅運支出,50400
06088777,清香堂香鋪,南投縣草屯鎮,集會支出,50160
36762468,永續房屋仲介企業社海安店,臺南市北區海,租用競選辦事處支出,50000
31494443,宏銘棚架舞台企業,宜蘭縣礁溪鄉,集會支出,50000
27665710,創意家國際有限公司,新北市泰山區,宣傳支出,50000
11237925,西北傳播有限公司,臺北市松江路,宣傳支出,50000
80660475,緻圓股份有限公司,臺北市中正區,集會支出,50000
09735685,尚瓚實業行信一路營業所,基隆市信一路,租用競選辦事處支出,50000
17237578,金廚商號,臺南市後壁區,雜支支出,49500
40402108,中華郵政股份有限公司,宜蘭縣宜蘭市,宣傳支出,49228
20131867,巧沛東方美漢堡科學店,新竹市科學園,宣傳支出,48500
16154347,僑信保全股份有限公司,臺北市忠孝東,雜支支出,48430
10084788,桓緯廣告企業社,新北市成泰路,宣傳支出,48363
29369721,上淳活海鮮餐廳,宜蘭縣蘇澳鎮,集會支出,48000
36504856,飛虹通運股份有限公司,臺北市信義區,交通旅運支出,47500
28847794,雨果廣告設計有限公司,臺北市內湖區,集會支出,47250
99051769,神觀廣告企業社,高雄市新興區,宣傳支出,47040
45770432,全連派報社,雲林縣斗六市,宣傳支出,47000
16689285,新欣客運有限公司,臺中市大里區,集會支出.交通旅運支出,46000
98997401,廣鎂廣告企業社,新竹縣新豐鄉,宣傳支出,45900
99758651,原鄉風味小吃,新竹縣尖石鄉,集會支出,45000
18262954,瑪斯拉拉工作室,新北市淡水區,宣傳支出,45000
17944860,國光汽車客運股份有限公司,羅東鎮中山路,集會支出,45000
22872789,其澤有限公司,臺北市南京西,宣傳支出,45000
01194476,六福客棧,臺北市長春路,宣傳支出,45000
14625863,藝晨攝影工作室,彰化市東興里,雜支支出,44400
72074022,玉堂飯店,臺南市楠西區,雜支支出,44250
18287337,金龍照相器材行,嘉義市中山路,宣傳支出,44100
70525423,家居坊裝潢有限公司,宜蘭縣羅東鎮,宣傳支出,44100
55146606,東益電氣行,F臺中縣豐原,租用競選辦事處支出,44100
29035909,小智研發股份有限公司,臺北市光復南,雜支支出,44100
77373724,華之舫,南投縣草屯鎮,集會支出,44000
16914059,銘山企業有限公司,臺中縣大里市,集會支出.宣傳支出,43820
28739562,康又美國際股份有限公司,臺南市永康區,雜支支出,43200
98874098,興安企業社,嘉義市興安街,集會支出,43000
03710808,台灣中華日報,臺南市西華街,宣傳支出,42900
69102404,經濟部智慧財產局,臺北市辛亥路,宣傳支出,42400
70570123,數位互動行銷股份有限公司,臺北市內湖區,宣傳支出,42000
97471189,正昌通運有限公司,,交通旅運支出,42000
15757405,宜蘭縣龍獅技藝協會,,集會支出.宣傳支出,42000
13487814,新峰廣告企業社,新竹縣新豐鄉,宣傳支出,42000
09814800,馮姊客家美食,新竹縣新豐鄉,集會支出,42000
74893053,盛豐企業社,臺中市西屯區,集會支出,41600
30323941,御饌餐館,新竹市東區西,集會支出,41000
30326503,食城燒肉排骨便當店,新竹市東區錦,宣傳支出,41000
80682576,佳晨環保工程有限公司,臺北市中山區,集會支出,40425
13870901,全憶排骨店,新竹市東區竹,宣傳支出,40000
21602154,古都茶行,臺南市北區振,雜支支出,40000
93188802,世峰遊覽汽車股份有限公司,高雄縣燕巢鄉,集會支出,40000
78042441,先捷行,花蓮縣花蓮市,集會支出,40000
02785689,正利筵席行,新竹縣新豐鄉,集會支出,40000
36506572,千豐通運股份有限公司,臺北市長春路,集會支出,40000
78203591,聯興工藝社,新北市五股區,宣傳支出,39000
19622464,健鴻水電料行,,租用競選辦事處支出,38748
12873232,錦香樓餐廳有限公司,臺北市新生北,雜支支出,38600
45501063,趙婕安,,集會支出,38400
66893950,楊富成廚師,新竹市東區經,宣傳支出,38400
98940772,國際音響社,雲林縣斗六市,租用競選辦事處支出,38200
01317131,台灣石油股份有限公司油品行銷事業部台,,雜支支出.交通旅運支出,38110
61763057,福裕號,南投縣草屯鎮,集會支出,38000
69031669,聯邦遊覽汽車(股)公司,臺南市中西區,集會支出,38000
25439886,禾順貨車出租行,臺中市豐原區,宣傳支出,37800
04655091,雄獅旅行社股份有限公司,臺北市瑞湖街,交通旅運支出,37800
97048775,元發遊覽車客運有限公司,雲林縣虎尾鎮,宣傳支出,37800
77347064,榮冠油漆廣告社,金門縣烈嶼鄉,租用競選辦事處支出,37600
60361219,勇伯電器行,澎湖縣馬公市,集會支出,37000
25109695,晨瑋環保工程有限公司,臺中市西屯區,租用競選辦事處支出,36750
17994050,許記大魯麵,,集會支出,36700
78177432,弘益廣告杜,臺北市新店區,宣傳支出,36680
79635604,台灣產物保險股份有限公司高雄分公司,高雄市新興區,雜支支出,36609
67901303,彩王影像科技社,,宣傳支出,36200
16471293,今元寶通運有限公司,高雄市三民區,交通旅運支出,36000
13428442,帝原小吃,臺中市大甲區,集會支出,36000
97306442,瑞尖通運有限公司,臺北市和平東,集會支出,36000
96918417,巧新清潔有限公司,臺北市士林區,雜支支出,36000
17922177,紅利帳棚出租業,臺東縣東河鄉,宣傳支出,35500
84593132,大二電腦有限公司,彰化縣伸港鄉,租用競選辦事處支出,35400
47013630,食麼介餐廳,新竹縣新埔鎮,集會支出,35100
92999276,千億室內裝潢行,金門縣金湖鎮,租用競選辦事處支出,35000
55778905,永旺交通股份有限公司,臺中市東勢區,交通旅運支出,35000
22717540,北海漁村股份有限公司,臺北市杭州南,雜支支出,35000
22751743,一之軒食品有限公司,臺北市師大路,雜支支出,35000
80436863,傳達國際商業有限公司,新北市汐止區,雜支支出,34965
53084675,極品日式海鮮有限公司,臺北市康寧路,雜支支出,34500
25272149,茆媽媽餐飲店,南投縣竹山鎮,集會支出,34500
18286858,寶島小吃部,臺中市南區環,雜支支出,34000
10828541,三十六師傅中式餐館,臺南市新營區,集會支出,33810
81688660,佳一佳商行,臺北市建國北,集會支出,33750
09935488,同億企業社,宜蘭縣員山鄉,宣傳支出,33700
22734359,政德文具有限公司,臺北市太原路,雜支支出,33614
45774704,星旺土木包工業,雲林縣斗六市,租用競選辦事處支出,33600
77685389,空明快餐小吃部,,集會支出,33600
98086570,波羅王西點蛋糕,宜蘭縣礁溪鄉,集會支出,33600
98855276,豐源小吃店,,集會支出,33350
14264609,明暉企業社,新北市中和區,宣傳支出,33012
55742843,達香餅行,,集會支出,33000
43373303,全德通運股份有限公司,臺北市和平東,集會支出,33000
17558923,好品小吃店,,集會支出,32550
90970225,商訊旗幟廣告企業社,屏東縣萬丹鄉,宣傳支出,32500
61465705,台灣中心遊覽汽車股份有限公司,南投縣草屯鐼,集會支出,32000
27935073,富邦人壽保險股份有限公司,臺北市敦化南,集會支出,32000
16581448,億豐通運有限公司,南投縣草屯鎮,集會支出,32000
97450656,高榮通運有限公司,臺北市松山區,集會支出,32000
43651657,大欣巴士遊覽股份有限公司,南投縣竹山鎮,集會支出,32000
87829857,華圓快餐店,南投縣草屯鎮,雜支支出,32000
97143481,盈勝通運有限公司,,集會支出.交通旅運支出,32000
16472624,佳樂通運有限公司,臺北市長安東,集會支出,32000
45777081,阿龍池上飯包店,臺中市新社區,集會支出,32000
15610992,皇嘉休閒育樂事業股份有限公司,,集會支出,32000
45489201,傳統美食店,,集會支出,31850
98734132,好米小吃店,,集會支出,31670
99902874,池上飯包,,集會支出,31520
61526766,永昌號,南投縣草屯鎮,雜支支出,31500
07649278,賓王大旅社股份有限公司,臺北市南京西,雜支支出,31500
45766057,大鷹商行,雲林縣斗六市,集會支出,31500
30334975,美晨小吃店,新竹縣湖口鄉,宣傳支出,31290
14603468,銓國商行,南投縣草屯鎮,雜支支出,31250
28943059,夢想家辦公設備有限公司,新北市三重區,租用競選辦事處支出,31148
99400099,吉豐水電行,高雄市前鎮區,租用競選辦事處支出,31080
14828375,北埔紅屋,新竹縣北埔鄉,集會支出,30800
87994856,永華園餐廳,嘉義縣太保市,集會支出,30400
92931656,福星燈光音響企業社,,集會支出,30000
27539783,天興搬家有限公司,臺北市信義區,租用競選辦事處支出,30000
55692956,金獅交通股份有限公司,臺中市大甲區,交通旅運支出,30000
93150405,東益遊覽汽車股份有限公司,臺中市西區昇,集會支出,30000
89888297,娜魯灣通運股份有限公司,臺東縣臺東市,集會支出,30000
28700118,欣喜揚企業有限公司,臺北市中正區,宣傳支出,30000
19935445,鴻海企業社,彰化縣田中鎮,集會支出,30000
81816052,浤鐿金屬業工程行,基隆市仁愛區,租用競選辦事處支出,30000
26163605,宜蘭縣農會展售中心,宜蘭縣宜蘭市,宣傳支出,30000
89819481,貴妃遊覽車客運有限公司,,集會支出,30000
48407648,關西新桃莚席包辦,新竹縣關西鎮,集會支出,28800
53624259,匯光照明設備有限公司,,租用競選辦事處支出,28035
21462739,香味燒烤飯包,,集會支出,28000
09806885,壯五搭棚,,集會支出,28000
16622010,高鐵通運有限公司,,交通旅運支出,28000
13750075,嘉鄉味飲食店,臺中市西區吉,集會支出,28000
78238297,炳宏快餐,,集會支出.雜支支出,27650
92924590,迅捷廣告,,宣傳支出,27500
77052954,祥焰商行,,集會支出.雜支支出,26300
28026804,詮友幗際有限公司,,宣傳支出,25775
40183700,宜蘭縣員山鄉農會,,集會支出,25000
25911032,岳森工程行,,租用競選辦事處支出,25000
79972957,頂豪營造有限公司,,租用競選辦事處支出,25000
45668035,金沅小吃店,,集會支出,24850
78982416,大同貨櫃屋,,集會支出,24400
27856204,丰御遊覽客運股份有限公司,,交通旅運支出,24000
55794969,華香美食料理,,集會支出,24000
21345780,魯南麵食店,高雄市苓雅區,集會支出,24000
11010053,豐勝交通企業股份有限公司,,集會支出,23850
58800108,中華電信股份有限公司,,雜支支出,23697
80785221,合順行,新竹市東區牛,宣傳支出,23100
03805305,交通部臺灣鐵路管理局餐旅服務總所臺北,,雜支支出,22940
19560994,甜蜜坊西點麵包坊,,集會支出,22200
77040705,黑貓綜藝企業社,,集會支出,22000
94901643,別緻咖啡坊,,雜支支出,21840
45858020,沛泉廣告印刷實業社,,宣傳支出,21700
14906717,玉峯青菓行,,集會支出.雜支支出,21115
15681124,有利燒臘美食店,,集會支出,21060
48060006,伯龍飲食店,新竹縣橫山鄉,集會支出,20940
96874282,中山通運有限公司,,交通旅運支出,20500
45567748,真香味小吃店,,集會支出,20150
42042684,福昌肉店,,集會支出,20000
40572927,益蓮雜貨行,,集會支出,20000
16119659,大雅通運有限公司,,交通旅運支出,20000
24382226,谷德廣告有限公司,,宣傳支出,20000
89531207,陽明通運有限公司,,交通旅運支出,20000
85687972,銓達通運股份有限公司,,集會支出,20000
80020247,紅龍通運有限公司,高雄市大寮區,交通旅運支出,20000
30184223,海堂事業社,,集會支出,20000
40632349,玉光水果行,,集會支出,19637
14586411,逸軒飯包店,,集會支出,19600
05897841,池上飯包,,集會支出,19600
55833225,一品香小吃部,,集會支出,19360
56145204,林異香齋餅店,,集會支出,19200
76625862,永興珍餅菓行,,集會支出,19200
14460601,友樂小吃店,,雜支支出,18850
13807788,福客臨美食快餐廣場,,集會支出,18800
99484610,姊妹小吃店,,雜支支出,18200
28905230,六環開發有限公司,,公共關係費用支出,18006
13187794,海洲通運有限公司,,交通旅運支出,18000
16591804,全宥通運有限公司,臺中市北屯區,交通旅運支出,18000
81052013,親進交通股份有限公司,臺中市大甲區,交通旅運支出,18000
67965235,勤益麵包坊,,集會支出,18000
18366965,九福飲食店,,集會支出,18000
92929906,長宜電料行,,集會支出,18000
80719362,松鶴通運有限公司,臺中市西屯區,交通旅運支出,18000
05777135,可可自助餐,,集會支出,17970
28359680,宏駿通運有限公司,,集會支出,17500
09935353,王牌美術廣告社,,宣傳支出,17500
09204981,陳師父牛肉麵大王,,集會支出,16800
84006008,張記嘉義火雞肉飯小吃店,,集會支出,16800
25594893,台北市信義運動中心,,宣傳支出,16450
77072163,千和文具行,,雜支支出,16359
45232595,永興筒仔米糕,,集會支出,16000
74884548,新聞快餐店,,集會支出,15960
41634513,果山行,,雜支支出,15750
05589513,黑肉麵担,,集會支出,15750
84734870,承達交通有限公司,,集會支出,15500
98074645,旺客來自助餐,,集會支出,15400
26573988,廣達燒臘店,,集會支出,15400
28512967,家新管理實業有限公司,臺南市北區文,交通旅運支出,15200
77050914,佶達食品行,,集會支出,15080
40542446,蘭陽液化煤氣有限公司,,集會支出.雜支支出,15010
49941556,威將奇兵企業社,,宣傳支出,15000
10656717,大象啤酒屋,,雜支支出,15000
40005207,大中華,,宣傳支出,14730
66996251,尚獎料理,,集會支出.雜支支出,14720
70434649,阿杜有限公司,,宣傳支出,14700
13660291,甘果烘焙菓子,,集會支出,14660
11719802,復興航空運輸股份有限公司,,交通旅運支出,14485
45758599,美二佳食品行大雅店,,集會支出,14400
28994845,統一百華股份有限公司,臺北市忠孝東,公共關係費用支出,14200
31490713,志龍棚架,,集會支出,14000
97146706,春天通運有限公司,,交通旅運支出,14000
83709310,世隆通運股份有限公司,,交通旅運支出,14000
59451206,台灣中油股份有限公司,,交通旅運支出,13959
81787211,十方盒餐,,雜支支出.宣傳支出,13920
26572329,金海肉號,,集會支出,13730
26822142,亞洲雞腿王,,集會支出,13650
83819196,大中華起重行,,雜支支出,13530
77144976,台灣中油(股)油品行銷事業部台北營業處,,交通旅運支出,13302
98907062,尚古工作室,,公共關係費用支出,13100
13668701,閃亮音響,,集會支出,13000
04210696,上仁通運有限公司,,交通旅運支出,13000
85727263,穎昌交通股份有限公司,,集會支出,12810
00703873,昶錡創意麵點美食坊,基隆市七堵區,集會支出,12800
45232672,巴塞隆納食尚屋,,集會支出,12770
26325377,珍大立盒餐,,雜支支出,12620
21447288,大忠美食,,集會支出,12600
80625885,印月餐飲股份有限公司,,雜支支出,12584
13657021,上洋魚行,,集會支出,12520
49940780,茂基菓菜行,,集會支出,12500
16975148,雲翔通運有限公司,,交通旅運支出,12000
26920066,阿助師清粥小菜自助餐,,集會支出,12000
45290525,宏珍麵包坊,,集會支出,12000
09827853,哈雷企業,,集會支出,12000
25904638,實上行,,集會支出,12000
22031766,聯福餐廳股份有限公司,,交通旅運支出,11875
53306640,尚將國際股份有限公司,,雜支支出,11750
92935914,得意樓餐廳,,集會支出,11600
66262665,三多利商行,,集會支出.雜支支出,11600
84491233,驥園餐廳有限公司,臺北市敦化南,公共關係費用支出,11220
45536470,幸樂飲食店,,集會支出,11200
45844878,証港便當店,,集會支出,11200
99883481,今來快餐店,,集會支出,11200
97892560,宏昌快餐店,,集會支出,11200
97916182,太原小吃店,,集會支出,11200
17392022,蓮華素食自助餐,,集會支出,11200
45844624,泓品便當社,,集會支出,11200
99075853,蔡家小吃店,,集會支出,11200
98748163,池上飯包,,集會支出,11200
02410493,錦成西點麵包店,,集會支出.雜支支出,11150
27946944,英屬蓋曼群島商史泰博優美股份有限公司,,雜支支出,11032
04550147,臺北農產運銷股份有限公司,,雜支支出,11000
14065849,橋亞通運有限公司,,交通旅運支出,11000
97228690,頂揚通運有限公司,,交通旅運支出,11000
27699042,大千通運有限公司,,交通旅運支出,11000
77590074,黃師父燒臘鋪,,集會支出,10875
66633717,九龍名產行,,雜支支出,10800
58014896,良田煤氣行,,雜支支出,10650
14897956,盟興企業社,,租用競選辦事處支出,10600
27837050,慶閣企業有限公司,新北市三峽區,租用競選辦事處支出,10574
52725693,文武食品行,,集會支出,10560
15681166,楓林谷土雞城,,集會支出,10400
17551533,九怡堂畫廊,,雜支支出,10260
52452861,全國大飯店(股)公司,臺中市臺中港,交通旅運支出,10200
17941646,吉園壽司,,集會支出.雜支支出,10200
78227720,清谷園餐廳,,集會支出.雜支支出,10200
13418367,西屯魚丸店,,集會支出,10150
11090479,天廚菜館有限公司,臺北市****,公共關係費用支出,10093
97334735,意文遊覽車有限公司,,集會支出,10000
78069829,龍族通運有限公司,臺南市仁德區,交通旅運支出,10000
83748876,聯旺交通汽車股份有限公司,,交通旅運支出,10000
16187712,協億遊覽車客運有限公司,,集會支出,10000
53110358,宏來興企業股份有限公司,,集會支出,10000
55764796,中港砂石企業股份有限公司,,租用競選辦事處支出,10000
40215105,連德成商行,,集會支出,9900
17936708,御品福隆便當,,集會支出.雜支支出,9875
45418207,達欣便當社,,集會支出,9800
55822037,振利美食館,,集會支出,9800
08300141,東湘美小吃,,集會支出,9800
89477962,微風廣場實業股份有限公司,臺北市復興南,公共關係費用支出,9680
45269699,家禾快餐店,,集會支出,9600
45870609,阿雄師便當社,,集會支出,9600
99897400,山東行,,集會支出,9600
77569001,麥多利蛋糕名店,,集會支出,9600
14796731,富元小吃店,,集會支出,9600
25343279,大口小吃店,,集會支出,9600
45378583,春嬌海產店,,集會支出,9600
20318693,晶晶飲食店,,集會支出,9600
55621209,四知建材行,,租用競選辦事處支出,9525
77068920,剛毅小吃部,,集會支出,9450
64880451,慶鴻遊覽汽車交通股份有限公司,,集會支出,9450
45420506,永慶加油站股份有限公司永勝加油站,,交通旅運支出,9428
27209191,承澤工程有限公司,,租用競選辦事處支出,9209
26890534,華騰小吃部,,集會支出.雜支支出,9200
78222470,茶之鄉專業茶圓,,集會支出,9100
21400283,長青小吃店,,集會支出,9000
92918719,龍興傢俱行,,集會支出,9000
97890676,御晶軒餐飲店,,集會支出,8800
17378540,盛福樓港式盒餐,,集會支出,8800
26780190,怡美烘焙坊,,集會支出,8700
26809696,川蜀味餐飲店,,集會支出,8625
22958771,立榮航空(股)公司,臺北市長安東,交通旅運支出,8616
09935662,彩印世界企業社,,雜支支出,8500
03299813,洋洋實業有限公司,臺北市和平東,租用競選辦事處支出,8500
85235083,高雄圓山大飯店,高雄縣鳥松鄉,交通旅運支出,8445
97914543,津饌餐飲店,,集會支出,8400
05455134,佳興自助餐,,集會支出,8400
26810618,柳暗花明便當店,,集會支出,8400
08087887,萬佳香食品行,,集會支出,8400
45837829,台灣雞腿王便當社,,集會支出,8400
45352900,玖分飽小吃店,,集會支出,8400
25271009,周大福小吃,,集會支出,8400
45530927,御米香池上飯包店,,集會支出,8400
21454843,龍品快餐店,,集會支出,8400
02437182,海賓餐廳,,集會支出,8400
80187169,世運食品(股)公司,臺北市****,公共關係費用支出,8350
45838828,康記池上飯包店,,集會支出,8250
09993515,立昌建材行,,租用競選辦事處支出,8226
13415679,精誠魚丸店,,集會支出,8050
25582989,美福小吃店,,集會支出,8000
61798210,順裕行,,交通旅運支出,8000
42079020,宏達塑膠行,,集會支出,8000
66952388,羅東鎮農會,,集會支出,8000
13426471,一品香自助餐,,集會支出,8000
40556911,天生碗盤鮮花店,,集會支出,8000
13657248,永銳企業社,,雜支支出,8000
40167005,員山電機行,,宣傳支出,8000
09240369,后里川味,,集會支出,7700
78232553,建華冰菓店,,集會支出,7700
10639823,竑奕工作室,,宣傳支出,7600
02396942,日日香包飯行,,雜支支出,7520
26900884,展昕貿易股份有限公司,,雜支支出,7480
10667897,我們的小吃部,,集會支出,7350
23193401,員村加油站股份有限公司,,交通旅運支出,7220
05136667,東一牌骨餐廳有限公司,,雜支支出,7200
16863002,豪水食品有限公司,,雜支支出,7086
92918963,粵園小吃店,,雜支支出,7040
14900896,噶瑪蘭冊館,,宣傳支出,7000
89408683,建國交通企業有限公司,,交通旅運支出,7000
14895269,尚鮮小吃部,,雜支支出,7000
55124005,松田食品行,,集會支出,7000
84483493,三鶴順企業有限公司,臺北市遼寧街,租用競選辦事處支出,6910
10669179,高僑小吃部,,雜支支出,6900
42074453,文昌雜貨行,,集會支出.雜支支出,6830
79414623,華王大飯店(股)公司,高雄市鹽埕區,交通旅運支出,6800
41534401,三結商號,,集會支出,6800
34788766,鴨家莊港式燒臘,,集會支出.雜支支出,6715
80784855,洲銓民俗體育企業社,,宣傳支出,6600
23572329,金海肉號,,集會支出,6550
17193380,益進上餐食店,,集會支出,6400
98832611,員村加油站股份有限公司員村員集路加油,,交通旅運支出,6200
40597841,萬全成商號,,集會支出.雜支支出,6167
13667670,聖品園港式燒腊.便當,,集會支出,6090
45552323,品美食品行,,集會支出,6075
19565013,長義碗盤出租行,,集會支出,6000
98071181,風情錄影音響工作室,,集會支出,6000
15634690,邑軒食品行,,集會支出,6000
81075629,驊慶遊覽客運有限公司,,集會支出,6000
95942396,宜蘭縣蘇澳鎮龍德社區發展協會,,集會支出,6000
13980301,蘇澳城隍爺管理委員會,,集會支出,6000
40646836,宇宙廣告社,,宣傳支出,6000
97176270,台灣大哥大股份有限公司,,宣傳支出,6000
16801908,大豐收遊覽通運有限公司,,交通旅運支出,6000
70932104,素之緣素食量販批發,,集會支出,6000
16930873,日泰遊覽車客運有限公司,,交通旅運支出,6000
16524411,長鴻通運遊覽有限公司,,交通旅運支出,6000
67897151,青雲小吃部,,集會支出,6000
27295695,裕翔通運有限公司,,交通旅運支出,6000
27903754,辰翊通運有限公司,,交通旅運支出,6000
12801907,永裕遊覽客運有限公司,匿名,交通旅運支出,6000
75651807,新台灣觀光遊覽汽車股份有限公司,,交通旅運支出,6000
09865217,順安禮儀社,,集會支出,6000
72117471,東仁遊覽車客運股份有限公司,,交通旅運支出,6000
16120804,大榮通運有限公司,,交通旅運支出,6000
41604503,共和發金香舖,,雜支支出,6000
26779882,宜宏印刷企業社,,宣傳支出,6000
27243775,潤泰創新國際股份有限公司中崙分公司,,雜支支出.宣傳支出,5916
21257316,太平洋崇光百貨股份有限公司,臺北市忠孝東,公共關係費用支出,5819
78160544,順達建材行,,租用競選辦事處支出,5816
24325540,趴趴走食品廠有限公司,,集會支出,5750
52595397,進生自助餐,,集會支出,5600
14289539,逢甲烤鴨店,,集會支出,5600
05666665,昇速食店,,集會支出,5600
45442699,士林小吃店,,集會支出,5600
52432845,台中肉員,,集會支出,5600
77220729,阿梅小吃店,,集會支出,5600
18372381,林池上美食便當,,集會支出,5600
99066926,金記碗粿鄉土味,,集會支出,5600
09310462,雅之香商店,,集會支出,5600
26912755,億屋池上便當,,集會支出,5600
09314045,吉成快餐,,集會支出,5600
21451711,再興筒仔米糕,,集會支出,5600
87619043,中興素食小吃店,,集會支出,5600
26815402,大興雞腿,,集會支出,5600
13673155,泓星企業社,,集會支出,5600
09306039,豐原排骨酥麵,,集會支出,5600
15686367,久鼎食品行,,集會支出,5544
90979099,東部池上便當,,集會支出,5525
13735547,富眾汽車有限公司彰化營業所,,交通旅運支出,5521
25105494,第一產物保險古份有限公司,,集會支出,5500
40558832,夏威夷唱片行,,宣傳支出,5400
66260245,美都西點麵包,,集會支出,5400
08781035,山隆通運股份有限公司山隆彰化加油站,,交通旅運支出,5340
10344551,一日均衡手抓飯便當店,,宣傳支出.交通旅運支出,5260
84705164,福輪通運有限公司,,集會支出,5250
14886655,優吉企業社,新北市中和區,租用競選辦事處支出,5250
98700908,名人名家美食館,,集會支出,5200
17376655,新德小吃部,,集會支出,5200
25837420,家味鮮自助快餐,,集會支出,5200
45520646,范媽媽飯館,,集會支出,5150
28508302,彰石開發有限公司,,租用競選辦事處支出,5000
78228024,晶州電器行,,集會支出,5000
34792065,正統綜合式料理,,集會支出,5000
98078136,統賀企業社,,雜支支出,5000
09864929,菁豪農產行,,集會支出,5000
13915344,双喜演藝坊,,集會支出,5000
99216994,吃飯皇帝大餐廳,,集會支出,5000
25283981,阿燕便當,,集會支出,4950
10549914,弘發金紙行,,雜支支出,4950
23892622,百荷企業有限公司,,雜支支出,4901
17939536,香榭坊西點麵包坊,,集會支出,4900
92105608,大和食品,,集會支出,4900
05850249,大中欣小吃店,,集會支出,4800
55984150,祥和商店,,集會支出,4800
45386465,梁記池上飯包,,集會支出,4800
05465983,益良行,,集會支出,4800
01629654,好米吉餐盒店,,雜支支出,4800
34785521,廣霖餅舖,,雜支支出,4800
77887505,紫藤廬小吃店,臺北市新生南,公共關係費用支出,4750
26387632,花旗蛋糕有限公司和平門市,,雜支支出,4730
27735912,超人電話亭有限公司,臺北市長沙街,宣傳支出,4652
86625715,唐杰廣告企業有限公司,,宣傳支出,4600
14582560,福記池上飯包,,集會支出,4550
45415594,金旺小吃店,,集會支出,4550
77640996,政易兄溫州大餛飩,,集會支出,4550
45755642,京展小吃店,,集會支出,4550
13419181,永興魚丸店,,集會支出,4550
97420056,華展圖書有限公司,,雜支支出,4527
02436826,金佺魚丸店,,集會支出,4500
17510702,枋山地區農會生鮮超市,,集會支出,4500
05687768,良昊商行,,集會支出,4480
13082118,台北馥敦旅館股份有限公司,,交通旅運支出,4480
53311334,平宇實業股份有限公司光華數位分公司,,雜支支出,4430
26567579,威城福隆便當,,雜支支出,4430
48875950,提香咖啡店,臺北市復興南,公共關係費用支出,4334
09895063,廣進加油站有限公司,,交通旅運支出,4295
79864654,阿英排骨飯,,集會支出,4250
70921227,奕捷肉舖,,集會支出,4250
02387036,如意行,,集會支出.雜支支出,4208
45865129,博館小吃店,,集會支出,4200
69427085,一平交通企業有限公司,,集會支出,4200
10639817,日日來小吃,,集會支出,4200
27845657,儀美科技有限公司,,雜支支出,4200
17693569,中華永裕燈飾行,,租用競選辦事處支出,4140
70471881,寒舍餐旅管理顧問股份有限公司,臺北市忠孝東,公共關係費用支出,4036
25503654,五元小吃店,,雜支支出,4000
55348700,銘發商店,,集會支出,4000
01391005,水木打字行,,宣傳支出,4000
14311455,秀燕小吃店,,雜支支出,4000
26106416,春天茶舖,,宣傳支出,4000
45495610,老趙傳統麵食,,集會支出,4000
57517707,中湘商號,,集會支出,4000
52221362,吉興商行,,集會支出,4000
66260580,快樂電氣行,,集會支出,4000
53112784,百八魚場餐飲股份有限公司,,雜支支出,3917
13758647,港久燒臘,,集會支出,3850
10668761,文城美食,,集會支出,3800
05576411,台灣中油股份有限公司,,交通旅運支出,3772
40332201,錦泰興碗號,,雜支支出,3730
25507814,金城快餐店,,雜支支出,3680
27751399,滬揚閣餐飲,臺北市衡陽路,公共關係費用支出,3680
20308652,來來自助餐飲食店,,集會支出,3600
76817550,玉全商店,,雜支支出,3600
89812109,歐維斯有限公司,,集會支出,3500
02413822,聖來自助餐,,雜支支出,3490
26282975,京味小吃店,,交通旅運支出,3440
14726308,長榮發池上飯包店,,雜支支出,3440
96976979,誠品生活(股)公司,臺北市大安區,宣傳支出,3425
08839992,中美自助餐店,,集會支出,3360
10235717,國旗女孩大高雄旗艦店,,宣傳支出,3298
66803058,台灣中油(股)公司,苗栗縣頭份鎮,匿名捐贈,3222
05907382,一品香快餐店,,集會支出,3200
00926558,讚昌商店,,雜支支出,3200
77638979,大和小吃店,,集會支出,3200
17382609,池上便當,,集會支出,3200
45402438,大台中飲食館,,集會支出,3200
48776781,大愛素食天地,,雜支支出,3200
25238157,鳳鳴小吃店,,集會支出,3200
24310835,元泰興業有限公司,,集會支出,3150
09994009,順利水果行,,雜支支出,3150
120377866,李銘義,,集會支出,3000
98080674,川友商行,,雜支支出,3000
101416990,梁振丁,臺南市佳里區,集會支出,3000
14427977,惠威企業商行,,集會支出,3000
41752200,真影照相館,,宣傳支出,3000
67975732,達進隆商行,,集會支出,3000
94919496,和德小吃店,,宣傳支出,2880
28603066,諾貝兒寶貝股份有限公司丁敦分公司,,雜支支出,2842
10359738,珍飴餐廳,,雜支支出,2838
21484826,四季快餐,,集會支出,2800
77937744,黑肉飯担,,集會支出,2800
45656615,巧町自助餐,,集會支出,2800
17574515,禾園小館,,集會支出,2800
26894623,牛媽媽牛肉拉麵,,集會支出,2800
21439246,晨光小吃店,,集會支出,2800
45256977,沈媽媽自助餐,,集會支出,2800
76647795,話廊小吃店,,集會支出,2800
17777770,上佳快餐店,,集會支出,2800
19586312,寶玉小吃部,,集會支出,2800
99075690,京珍飲食店,,集會支出,2800
04633180,明米行,,雜支支出,2800
52592286,貝多芬便當速食,,集會支出,2800
45779861,中山自助餐,,集會支出,2800
12953039,政大加油站股份有限公司,臺北市指南路,交通旅運支出,2755
13077327,王品餐飲,臺北市敦化南,公共關係費用支出,2745
16383405,連明加油站有限公司,,交通旅運支出,2670
25252170,車米池上飯包,,集會支出,2590
22555003,統一超商股份有限公司,,雜支支出.宣傳支出.交通旅運支出,2580
10288946,博鑫收費停車場,,交通旅運支出,2560
12768772,松興小客車租賃有限公司,臺南市前鋒路,交通旅運支出,2500
13673795,松林食品坊,,雜支支出,2500
83933801,德忞食館,,雜支支出,2470
45787285,田中年青人排骨店,彰化縣田中鎮,雜支支出.交通旅運支出,2415
25426720,超吉雞腿王便當社,,集會支出,2400
08304982,虹裕商店,,集會支出,2400
10913053,通伯現炒店,,集會支出,2400
17779806,明珠小吃店,,集會支出,2400
86953408,直航聯合有限公司,高雄市岡山區,交通旅運支出,2390
13244922,同得五汽材行,,雜支支出,2340
52242444,台灣自來水公司,,雜支支出,2328
26573951,如意小吃,,雜支支出,2300
13721918,力捷五金行中央店,,雜支支出.租用競選辦事處支出,2259
70928360,古一味蝦捲店,,雜支支出,2240
23988865,華信航空股份有限公司,臺北市松山區,交通旅運支出,2238
04797021,嘉陽商行,,宣傳支出,2220
45095403,泰暉五金行,桃園縣中壢市,宣傳支出,2200
21481428,美耐(股)公司,,雜支支出,2155
53041368,弘竣行銷有限公司,,集會支出,2125
34786824,巴杜風味小吃部,,集會支出,2100
02427585,媽媽樂排骨便當大王,,集會支出,2100
14275388,香港大福燒臘快餐店,,集會支出,2100
70917265,竹圍鴨莊,,集會支出,2100
27555684,復興奇股份有限公司,臺北市復興南,公共關係費用支出,2010
13069425,大銘昌加油站有限公司,,交通旅運支出,2000
17798000,錦春便利商店,,集會支出,2000
40635731,新可口飲食店,,雜支支出,1875
10021452,年年小館,,雜支支出,1860
84838875,睿捷興業股份有限公司,,雜支支出,1856
57906498,池上裕誠小吃店,,集會支出,1815
24232212,泰悅有限公司,,雜支支出,1800
99547729,麗嬌花店,,公共關係費用支出,1800
78155654,佳屋室內裝璜行,,租用競選辦事處支出,1800
30981785,全國加油站股份有限公司,,交通旅運支出,1773
45660152,廣宇港式快餐,,集會支出,1750
57941045,和運租車股份有限公司,高雄市左營區,交通旅運支出,1737
28982209,全聯實業股份有限公司,,雜支支出,1692
77696999,永奇商行,,集會支出,1680
19567119,華山書局,,雜支支出,1674
28450800,樂雅樂食品股份有限公司,,交通旅運支出,1662
27924569,全聯實業股份有限公司,,雜支支出,1630
40654574,美佳樂食品行,,集會支出,1625
29064636,易群資訊科技有限公司,,雜支支出.宣傳支出,1625
08844806,連育食品行,,集會支出,1600
28467188,台灣和民餐飲股份有限公司,臺北市松壽路,公共關係費用支出,1551
36173758,台灣中油股份有限公司,,交通旅運支出,1533
84200636,甲東加油站有限公司,,交通旅運支出,1520
84366930,群惠機械有限公司,,宣傳支出,1500
70536126,易遊網旅行社股份有限公司,,交通旅運支出,1500
16039945,農田股份有限公司(玉田加油站(,,交通旅運支出,1500
24302589,爭鮮股份有限公司,,雜支支出,1500
22073511,塔木德國際旅館有限公司,,交通旅運支出,1500
17179520,員村加油站股份有限公司,,交通旅運支出,1500
45829052,立展餐飲設備,,租用競選辦事處支出,1500
41710201,春天茶舖,,宣傳支出,1480
67840453,全國加油站股份有限公司,,交通旅運支出,1475
86818038,東錡加油站股份有限公司,,交通旅運支出,1450
03557620,台灣手工業推廣中心中華工藝館,,雜支支出,1440
06163727,中油公司斗六,,交通旅運支出,1431
19330608,社團法人中華音樂著作權協會,,宣傳支出,1418
17638932,統一精工股份有限公司,,交通旅運支出,1408
70755825,和欣汽車客運股東,,交通旅運支出,1400
14518722,霸王鵝家莊,,集會支出,1400
26573116,賴建峰魚行,,集會支出,1400
19249662,士林排骨,,集會支出,1400
27767961,台灣大車隊股份有限公司,,交通旅運支出,1385
16434538,台灣麥當勞餐廳股份有限公司,,雜支支出,1381
45822868,中油泰安南下加油站,,交通旅運支出,1380
21764988,貼心商行,,宣傳支出,1365
16416546,鑫瑞豐興業股份有限公司,,交通旅運支出,1364
29322959,全國加油站股份有限公司,,交通旅運支出,1359
26568351,阿麗包子專賣店,,雜支支出,1350
28441577,微風場站開發股份有限公司,,集會支出.雜支支出,1340
86686135,誠品生活股份有限公司敦南分公司,,宣傳支出,1332
14521804,威盛加油站有限公司,,交通旅運支出,1327
06137799,大三35簡速餐店,,集會支出,1300
17942693,悟饕美食部渭水分店,,雜支支出,1300
07959815,台灣中油股份有限公司,,交通旅運支出,1293
80674294,美麗信酒店股份有限公司,臺北市市民大,公共關係費用支出,1276
21952834,千越武慶站,,交通旅運支出,1262
42075447,裕容菓菜行,,集會支出,1240
79953190,楓江加油站有限公司,,交通旅運支出,1220
99484457,古意人食品,,雜支支出,1200
13421757,心田商行,,集會支出,1200
40636422,元帥食品行,,雜支支出,1200
02410120,日盛打字禮品行,,宣傳支出,1200
45313822,文教實業社,,集會支出,1200
70930350,惠安堂香坊,,雜支支出,1200
92918632,新卉花苑,,雜支支出,1200
02396176,生財商行,,雜支支出,1185
84310465,富利食品股份有限公司,,集會支出,1158
12726773,威鉅登廣告有限公司,新北市土城區,宣傳支出,1155
05062898,龍泰西點麵包店,,雜支支出,1130
15712148,大歡喜小吃店,臺南市****,交通旅運支出,1130
13841532,港興港式燒腊快餐店,,雜支支出,1105
07524729,交通部臺灣鐵路管理局,,交通旅運支出,1101
13857506,川料亭小吃店,,宣傳支出,1100
16915450,森竹加油站股份有限公司,,交通旅運支出,1100
89404201,富利食品股份有限公司,,集會支出,1088
27426388,復興福利事業股份有限公司,,雜支支出,1084
86367821,華生水資源生技股份有限公司,,雜支支出,1080
27240313,香港商雅虎資訊(股)公司,臺北市南港區,宣傳支出,1074
16606102,枉路家庭國際資訊股份有限公司,,雜支支出,1053
77022024,鮮珍小吃部,,雜支支出,1020
28989272,台灣麥當勞餐廳股份有限公司,,雜支支出,1015
25264984,啄木鳥國際事業股份有限公司彰化營業所,,雜支支出,1006
96875992,金油加油站股份有限公司,,交通旅運支出,1001
45834554,梅琳戲劇舞蹈服裝用品社,,宣傳支出,1000
09278300,中油公司田中二站,,交通旅運支出,1000
45339301,台亞石油股份有限公司,,交通旅運支出,1000
84980990,新華加油站(有)公司,苗栗縣頭份鎮,匿名捐贈,1000
12613314,蘭陽加油站有限公司,,交通旅運支出,1000
22938950,孟信企業有限公司,,交通旅運支出,1000
61453709,台灣中油股份有限公司,,交通旅運支出,1000
42074329,佳伸商行,,雜支支出,1000
17348286,全國加油站(股)公司,苗栗縣苗栗市,匿名捐贈,982
45857583,日瀠飲食店,,集會支出,980
15683925,台大加油站股份有限公司,,交通旅運支出,978
29121377,霧峰交流道加油站,,交通旅運支出,960
13597354,鴻興商行,屏東縣鹽埔鄉,公共關係費用支出.交通旅運支出,910
36523299,福華大飯店股份有限公司,臺北市仁愛路,公共關係費用支出,902
77040613,日展菓菜行,,雜支支出,900
84706712,統一超商股份有限公司,,集會支出.雜支支出.交通旅運支出,899
10184082,蜜世界水果店,臺南市＊＊＊＊,公共關係費用支出,899
48809024,楓川小吃店,臺北市信義路,公共關係費用支出,870
70917080,來富便自助餐,,集會支出,845
84311653,全家便利商店(股)公司,,集會支出,828
28970647,家福股份有限公司,,雜支支出,810
19202435,北基加油站(股)公司,苗栗縣頭份鎮,匿名捐贈,806
55773726,林源美食品店,,集會支出,800
10705647,全國加油站(股)公司,K高雄縣鳳山,交通旅運支出,800
78570147,真好小吃店,,雜支支出,800
18104528,青島排骨小吃店,,集會支出,800
28527455,豐原文具百貨有限公司,,雜支支出.交通旅運支出,799
23226156,裕毛屋企業股份有限公司彰化分公司,,雜支支出,790
87617100,太興筒仔米糕,,集會支出,770
16434143,遠百企業(股)公司,,交通旅運支出,765
22662664,台灣吉野家股份有限公司,,集會支出,765
25405611,人事費用支出,,雜支支出,755
01224106,花卉營業人(10414),,雜支支出,750
01220994,青果承銷人1082,臺北市民族東,公共關係費用支出,750
48833734,阿秉冷飲站,,集會支出,750
17974505,祥讚水果商,臺南市北區北,公共關係費用支出,750
25537486,華得商行,,雜支支出,739
17929447,純良食品行,,集會支出,710
52667188,大同布行,,雜支支出,700
45856326,春雨茶行,,集會支出,700
26778413,頭城烤鴨便當,,雜支支出,650
21451677,忠益素食,,集會支出,640
40553013,新錦成行,,雜支支出,635
86051436,左新加油站有限公司,,交通旅運支出,614
84619463,長利加油站(有)公司,苗栗縣頭份鎮,匿名捐贈,600
45566945,秀和停車場,,交通旅運支出,600
16701226,龍星旅館有限公司,臺東縣岩灣里,交通旅運支出,600
61753591,福興飯店,,集會支出,600
21473222,南仁湖育樂股份有限公司,,雜支支出,590
36693688,集利美食館,臺南市忠義路,交通旅運支出,580
119719306,"友限責任台 南全聯計程車運輸合作社",,交通旅運支出,570
24388538,府城赤崁擔仔麵有限公司,,交通旅運支出,570
14289144,張家麵館,臺中市****,交通旅運支出,555
25519059,七三七老山東,,雜支支出,525
09752662,桃園峰豬腳餐館,,集會支出,525
24344096,典藏藝術家庭股份有限公司,臺北市八德路,公共關係費用支出,514
97492591,大祥圖書有限公司,,雜支支出,500
10367435,貴秀小吃店,,雜支支出,500
11014733,大德鈕線有限公司,,雜支支出,480
09301962,日日春商行,,雜支支出,476
27990125,華泰大飯店企業股份有限公司中崙分公司,臺北市中山區,公共關係費用支出,472
80983685,味奇香烤鴨莊,,雜支支出,465
13460049,君一排骨專賣店,,雜支支出,465
23928945,安心食品服務股份有限公司,,交通旅運支出,460
92913192,久立鎖印店,,雜支支出,440
81746057,舜崇小吃店,,雜支支出,435
80029731,全家便利商店(股)公司,,雜支支出,435
86060202,大樂股份有限公司,,集會支出,431
26224379,偉凡商行,,宣傳支出,420
41742219,夏賜商行,,集會支出,420
92857109,賴新魁麵館,苗栗縣三義鄉,交通旅運支出,410
45602843,勝雄企業社高鐵東路停車場,,交通旅運支出,400
14906245,冬山美食店,,雜支支出,400
25839779,藝銘軒美食館,臺南市安南區,交通旅運支出,400
10235913,樂利(股)公司高雄營業所,,交通旅運支出,396
99344251,名峯小吃店,,集會支出,390
77011075,文正商行,,雜支支出,382
25659902,世貿茶館,,宣傳支出,380
02270177,三富水果行,新北市新店區,公共關係費用支出,380
42048701,眾一書城,,雜支支出,376
26804209,大師傅中式便當店,,集會支出,375
91754251,台灣中油(股)公司油品行銷事業部高雄,,交通旅運支出,360
26326087,高舉商行,,雜支支出,350
26385521,北平良田刀削麵館,,雜支支出,350
45662525,雙十茶行,,集會支出,350
25599497,悅客小鋪,,雜支支出,332
98884005,蓮合國小吃店,,雜支支出,320
26646167,海景世界企業股份有限公司湖口營業所,,宣傳支出,320
57959804,交通部臺灣鐵路管理局餐旅服務總所左營,,雜支支出,320
28414403,全聯實業股份有限公司,,雜支支出,315
26212633,小太陽食品行丫靖姑麻油雞,,雜支支出,310
99671249,竑穗興業有限公司,,交通旅運支出,300
29061188,衣服棒舞蹈戲劇股飾有限公司,,宣傳支出,300
123964591,李修宇,,集會支出,300
45839214,綠雅商行,,集會支出,300
028451997,安心食品服務股份有限公司,,交通旅運支出,299
26823135,元堤素食館,,集會支出,295
53101267,極品專賣科技股份有限公司光華分公司,,雜支支出,290
10533933,吳旺欉水果行,,雜支支出,290
16080205,全家便利商店(股)公司,,雜支支出,284
45479668,希望商店,,集會支出,280
16036010,侑昇五金有限公司,,租用競選辦事處支出,275
10102688,皇家機車出租,臺南市前鋒路,交通旅運支出,270
09234916,正新生鮮超級市場,,雜支支出,250
25627509,內湖添發刻印配鎖店,,雜支支出,250
27350356,台灣麥當勞餐廳股份有限公司,,雜支支出,233
89403667,統一超商股份有限公司,,集會支出.交通旅運支出,230
18087062,交通部臺灣鐵路管理局餐旅服務總所,,交通旅運支出,222
25184259,宜大事業股份有限公司,,雜支支出,214
25879624,交通部台灣鐵路管理局,,交通旅運支出,213
59291898,新一泰布行,,宣傳支出,200
45617775,隆豪茶行,,集會支出,200
13667610,聖品園港式燒臘.便當,,雜支支出,180
99290754,德川日本料理店,臺南市****,交通旅運支出,180
51869708,交通部臺灣鐵路管理局餐旅服務總所臺中,,交通旅運支出,160
22048719,天鵝舞蹈戲劇品有限公司,,宣傳支出,158
18087083,交通部台灣鐵路管理局餐旅服務總所,,雜支支出,156
99773870,台灣宅配通股份有限公司,,宣傳支出,150
16912600,麥思佳食品有限公司,,雜支支出,150
23285582,萊爾富國際股份有限公司,,雜支支出,143
45612146,大乘科技有限公司東興立體停車場,,交通旅運支出,140
92934106,喜互惠股份有限公司,,雜支支出,138
26229682,日光大道健康廚房民生店,,交通旅運支出,134
19947076,中聯停車場,,交通旅運支出,105
10371655,彩龍舞蹈服裝工作室,,宣傳支出,100
28337899,仙妮德餐旅管理有限公司,,交通旅運支出,100
67896239,水果量販店,,雜支支出,95
62997244,怪獸茶鋪,臺南市和平街,交通旅運支出,90
40130205,明華文具行,,雜支支出,90
45668878,樂利(股)公司台中營業所,F臺中縣烏日,交通旅運支出,80
98076876,頭城鎖匙店,,雜支支出,80
40265630,義興文具行,,雜支支出,77
25397437,啄木鳥國際事業股份有限公司中央營業所,,雜支支出,73
40645105,世昌文具.鎖.印店,,雜支支出,70
92921480,喜互惠股份有限公司,,雜支支出,69
80655058,萊爾富國際股份有限公司,,交通旅運支出,60
40220389,楊自順五金行,,雜支支出,60
40542781,美羅電料有限公司,,雜支支出,60
02396181,仁德企業社,,雜支支出,50
09229553,利和停車場,,交通旅運支出,45
25303451,萬洲通有限公司,,交通旅運支出,45
27519864,華美停車場經營管理有限公司,,交通旅運支出,40
04124221,中國青年救國團劍潭海外青年活動中心,臺北市中山北,交通旅運支出,40
10915762,歐特儀股份有限公司國立台灣美術館停車,,交通旅運支出,30
